nome,usuario,imagem,link
William Gesso,william_gessomcz,William Gesso.jpg,https://www.instagram.com/william_gessomcz
Timo Pizza Maceio Ltda,timoopizza,Timo Pizza Maceio Ltda.jpg,https://www.instagram.com/timoopizza
Tapanace Brewpub - Mingula,tapanacebrewpub,Tapanace Brewpub - Mingula.jpg,https://www.instagram.com/tapanacebrewpub
Super Visão (Vistorias Veicular),supervisao.al,Super Visão (Vistorias Veicular).jpg,https://www.instagram.com/supervisao.al
Sucreepe - Creperia e Doceria ,sucreepe,Sucreepe - Creperia e Doceria .jpg,https://www.instagram.com/sucreepe
Studio Cicera Designer,studiociceradesigner,Studio Cicera Designer.jpg,https://www.instagram.com/studiociceradesigner
Rbs Saúde Empresarial ,rbssaude,Rbs Saúde Empresarial .jpg,https://www.instagram.com/rbssaude
Rafaella M Almeida Advogados Associados,rafaellaalmeidaadv,Rafaella M Almeida Advogados Associados.jpg,https://www.instagram.com/rafaellaalmeidaadv
Quintal (Restaurante),quintaljaragua,Quintal (Restaurante).jpg,https://www.instagram.com/quintaljaragua
Phd Solar ,phdengenhariasolar,Phd Solar .jpg,https://www.instagram.com/phdengenhariasolar
Planeta Alagoas - Sams Farol,papelariaplanetaalagoas,Planeta Alagoas - Sams Farol.jpg,https://www.instagram.com/papelariaplanetaalagoas
Osano Motos,osanomotos_,Osano Motos.jpg,https://www.instagram.com/osanomotos_
My Home ,myhomemaceio,My Home .jpg,https://www.instagram.com/myhomemaceio
Mimoravel,mimoravel,Mimoravel.jpg,https://www.instagram.com/mimoravel
Martelinho de Ouro (Funilaria e Pintura Automotiva),martelinhoprime.al,Martelinho de Ouro (Funilaria e Pintura Automotiva).jpg,https://www.instagram.com/martelinhoprime.al
Welysson Inox,maceioinox,Welysson Inox.jpg,https://www.instagram.com/maceioinox
Via Roma,lojaviaroma,Via Roma.jpg,https://www.instagram.com/lojaviaroma
Closet - Estilo e Elegancia,lojaclosetmcz,Closet - Estilo e Elegancia.jpg,https://www.instagram.com/lojaclosetmcz
Loja Bonita ,loja.bonita,Loja Bonita .jpg,https://www.instagram.com/loja.bonita
Limpidus ,limpidus.oficial,Limpidus .jpg,https://www.instagram.com/limpidus.oficial
Janaina Motos,janainamotos,Janaina Motos.jpg,https://www.instagram.com/janainamotos
Ismash Hamburgueria ,ismashbrasil,Ismash Hamburgueria .jpg,https://www.instagram.com/ismashbrasil
Vjs Locacoes,sorrirbem.maceio,Vjs Locacoes.jpg,https://www.instagram.com/sorrirbem.maceio
G L Vilela Ltda,nudhe.lingerie,G L Vilela Ltda.jpg,https://www.instagram.com/nudhe.lingerie
After Burguer,afterburguermcz,After Burguer.jpg,https://www.instagram.com/afterburguermcz
Helenice Oliveira de Moraes  Ltda,helenicedemoraesadvocacia,Helenice Oliveira de Moraes  Ltda.jpg,https://www.instagram.com/helenicedemoraesadvocacia
Hair Care,haircare.mcz,Hair Care.jpg,https://www.instagram.com/haircare.mcz
Gilmara Confecções,gilmaraconfeccoes,Gilmara Confecções.jpg,https://www.instagram.com/gilmaraconfeccoes
Feijoada da Naza,feijoadadanaza,Feijoada da Naza.jpg,https://www.instagram.com/feijoadadanaza
Espaço Educacional Saber Kids ,escolasaberkidsmcz,Espaço Educacional Saber Kids .jpg,https://www.instagram.com/escolasaberkidsmcz
Studio Elisangela Oliveira,elioliveira.fisio,Studio Elisangela Oliveira.jpg,https://www.instagram.com/elioliveira.fisio
Buffet Di Angelis,diangelisbuffet,Buffet Di Angelis.jpg,https://www.instagram.com/diangelisbuffet
Depil By Nanda (Depilação e Estética),depilbynanda,Depil By Nanda (Depilação e Estética).jpg,https://www.instagram.com/depilbynanda
Creche Clarisse Linspector,crecheescolaclarice,Creche Clarisse Linspector.jpg,https://www.instagram.com/crecheescolaclarice
Conect Automação,conectauto,Conect Automação.jpg,https://www.instagram.com/conectauto
Diversos Neuroreabilitação,clinicadiversos,Diversos Neuroreabilitação.jpg,https://www.instagram.com/clinicadiversos
Andrade Lima Advocacia & Consultoria Sociedade de Advogados,claraandradeadv,Andrade Lima Advocacia & Consultoria Sociedade de Advogados.jpg,https://www.instagram.com/claraandradeadv
Cheirin Bão ,cheirinbao.shoppingpatiomaceio,Cheirin Bão .jpg,https://www.instagram.com/cheirinbao.shoppingpatiomaceio
C. A. S. Engenharia e Tecnologia Ltda,cas.imoveis,C. A. S. Engenharia e Tecnologia Ltda.jpg,https://www.instagram.com/cas.imoveis
Bendito Coco ,benditococo.mcz,Bendito Coco .jpg,https://www.instagram.com/benditococo.mcz
Arena Barbearia ,arenamaceio,Arena Barbearia .jpg,https://www.instagram.com/arenamaceio
Apehouse ,apehouseimobiliaria,Apehouse .jpg,https://www.instagram.com/apehouseimobiliaria
Alltrac,alltrac.autotrac,Alltrac.jpg,https://www.instagram.com/alltrac.autotrac
Agencia Lighthouse,agencia_lighthouse,Agencia Lighthouse.jpg,https://www.instagram.com/agencia_lighthouse
Arena Ação Livre ,acaolivresoccer,Arena Ação Livre .jpg,https://www.instagram.com/acaolivresoccer
Pousada e Restaurantemar Dos Sonhos ,pousadamardossonhos,Pousada e Restaurantemar Dos Sonhos .jpg,https://www.instagram.com/pousadamardossonhos
Axn Inteligência Artificial ,mapaartificial,Axn Inteligência Artificial .jpg,https://www.instagram.com/mapaartificial
Grupo Cardoso Verçosa ,grupo_cardosovercosa,Grupo Cardoso Verçosa .jpg,https://www.instagram.com/grupo_cardosovercosa
S C Serviços ,Cesarlimao2020,S C Serviços .jpg,https://www.instagram.com/Cesarlimao2020

